{
    "data": {
        "version": "1.0.0",
        "timezoneList": [
            {
                "t__code": "America/El_Salvador",
                "t__name": "(GMT-06:00) El Salvador"
            },
            {
                "t__code": "America/Guatemala",
                "t__name": "(GMT-06:00) El Salvador"
            },
            {
                "t__code": "America/Managua",
                "t__name": "(GMT-06:00) El Salvador"
            },
            {
                "t__code": "America/Mexico_City",
                "t__name": "(GMT-06:00) El Salvador"
            },
            {
                "t__code": "America/Regina",
                "t__name": "(GMT-06:00) El Salvador"
            },
            {
                "t__code": "America/Tegucigalpa",
                "t__name": "(GMT-06:00) El Salvador"
            },
            {
                "t__code": "America/Winnipeg",
                "t__name": "(GMT-06:00) El Salvador"
            }
        ],
        "countryList": [
            {
                "t__code": "All",
                "t__name": "All"
            },
            {
                "t__code": "USA",
                "t__name": "USA"
            },
            {
                "t__code": "IND",
                "t__name": "INDIA"
            },
            {
                "t__code": "UK",
                "t__name": "UK"
            },
            {
                "t__code": "NZ",
                "t__name": "NZ"
            }
        ],
        "trialList": [
            {
                "t__trial_id": "CP001",
                "t__trial_name": "CP001"
            },
            {
                "t__trial_id": "CP002",
                "t__trial_name": "CP002"
            },
            {
                "t__trial_id": "CP003",
                "t__trial_name": "CP003"
            },
            {
                "t__trial_id": "CP004",
                "t__trial_name": "CP004"
            },
            {
                "t__trial_id": "CP005",
                "t__trial_name": "CP005"
            }
        ]
    }
   
}